TopicWord,ControversialText1,PopularText1,ControversialText2,PopularText2,ControversialText3,PopularText3,TopicNum,Controversial,Popular
said night head went sleep room phone eyes away long,Civil War Made Some of the Same Mistakes as Batman v Superman  I stopped reading after the author claims that Crossbones Embraced the terrorist route after having a building dropped on him without acknowledging that Ruml,TIL in 2005 at a nuclear weapon assemblydisassembly plant near Amarillo TX workers attempting to disassemble a bomb 100 times more powerful than the Hiroshima bomb nearly detonated it when they applied too much pressure ,what is the first thing youd say to a 26 year old man after they tell you that they have never ever had a job  Do you have a trust fund Lucky bastard  and that was the day  I kidnapped him and took over his life I used t,First image of Katherine Waterston in Alien Covenant  Well it certainly has the look of an Alien film I want this too be good so bad I liked the majority of the Alien films and hell I even liked Prometheus   Plus Im a su,You had one job EA  Aaaand SIMS 4 main game is PC only Im borderline OCD  That would drive me freakin nuts  I would probably modify the cover Pls gib your origin account for sharesies ty,The Classic RussDaughters NYC  What is that smoked salmon 25 dollar lunch right there My wife was jealous I was in NY for the week without her I brought home a dozen Russ  Daughters bagels as a souvenir Now I can go back,Stories,0.0141477335982,0.00699168369845
picture photo beautiful shot oc daughter took pic amazing cool,TIL John Browining developed the famous M1911 pistol for Colt  Designed by John Browning the M1911 is the bestknown of his designs to use the short recoil principle in its basic design The same guy also designed the Brow,Do as I saynot as I do Teacher looking directly at a solar eclipse as his students use hand made devices to view the eclipse  For these boxes to work the sun must be directly behind the box whereas hes kind of looking of,I just 3D Printed a new Door Stop GoT Spoilers  I wrote Hodor on the side of an ordinary wooden doorstop today I feel like such a plebe If you want to 3D print this yourself you can download the model here    so good D G,ELI5 Why have GIFs now started to play like videos  they even have a videoplayer interface   Because those arent gifs Theyre a gifv webm file The internet is starting to use an updated version of code called HTML5 which ,The Life of Pablos on Spotify now and its different  When Kanye does something hes not done Hes gonna rant about it every single fucking day Which version did you like better I personally like the original one that was f,Chicken Embryo Development Without The Shell in a Glass  I wish I could watch a video showing this without the horrible editing Id love to see a timelapse of this baby chick hatching from egg shell I dont speak Japanese ,Photos,0.00943946828403,0.00516795758471
money pay job buy house tax company insurance rich year,Battlefield 4 Wait for it  what am i waiting for,Sally Ride the first American woman in space performing a number of functions simultaneously while floating freely on the flight deck of the Challenger Space Shuttle  Trivia  After Sally Rides death in 2012 General Donal,OkI did thatnow what ,Dr Katz  10ccs of catnip STAT You should be fine we just need to run a quick cat scan Meow what seems to be troubling you Im in the hospital right now and this made everyone cheer up so much  Now I see here you havent go,Watching Games of Thrones last night be like ,Battlefield 1 original idea was totally rejected by EA  World War 1 is a trench war it cant be fun to play  People are slamming the studio boss and calling him out of touch but he has a point Typically WWI shooters dont ,Money / Business,0.00885179161639,0.00494351375737
cute puppy adorable meet puppies pup old eyes watermelon cuddles,Does anyone else find this ironic  definitely especially because most of those moments have been practiced 100x,Canadian Prime Minister Justin Trudeau Accused of Elbowing Opposition Member of Parliament in The House of Commons  I assume hell have to sit in the penalty box for two minutes while his party is forced to legislate with,Man Tries His Girlfriends XL Cloths  This bullsht right here is why we have 8 year olds with eating disorders  Uh if that guy is a healthyweight averageheight American guy hes about 510 and 170 lb  That is most definitel,This is a quality post   I love the latin name too  Asser  beam pole stake Lumen  Light  Certainly made me smile   Deciduous means falling off at maturity or tending to fall off and it is typically used in order to refer,Wife on hendo asked me for a baby update  For those who are confused a hendo is what people in the UK call a bachelorette partyweekend Guys go on a stagdo  A do means a partyshindig Really hope your name isnt Graham rshi,TIl that the inventor of the Pringles can had his ashes buried in a Pringles can  Pringles original intention was to sell tennis balls  Im really curious if he had the face like on the Pringles can well I guess no one co,Aww,0.00616304746942,0.00235077153252
dog dogs pup owner breed pupper face animal wolf couch,GIF Cosplay  A gif of someone cosplaying as a gif full circle Meta Gifception You should be ashamed of yourself  when will this meme die So meta I dont get how apart from the gif symbol any of what hes doing symbolizes a,Guy finds wild ocelot and plays with it  Do I get to make the first Archer comment  Babou Lana he remembers me I think he knew it was safe to start petting once the silly piano music began And meanwhile my cat runs away ,A study finds that men in the bear community that is gay or bisexual men who are hairy and heavyset sometimes muscular experience lower physical health lower selfesteem and engage in higherrisk sexual practices than othe,Just found my new favorite movie  My son and I watched this when he was about 10  He plays  The next day I took him to a hockey tryout  They handed him a random jersey that had 69 on it  He turned to me and said loudly h,Homeless people annoy people for a living  I dont really get annoyed unless its the windshield washing guy   Guy approaches car  Me No sir i really dont want my windshield washed  Guy proceeds to take washer out of bucke,TIL in 1991 Patrick Stewart and William Shatner were asked how their characters Picard and Kirk would have dealt with Saddam Hussein Shatner stated that Kirk would have told him to drop dead while Stewart joked that Pica,Dogs,0.00618177890817,0.00243869765238
water climate temperature ice global change warming hot acid use,Comedies where the leads dont have a rift in their relationships with friendsfamily near the climax  Im actually really struggling now that you mention it  Id seriously recommend you watch Life of Brian if you havent alr,YOU WANNA GO  Where is he and why is the water doing that Atleast he had a life jacket Shit just got real He got exactly what he asked for Dont fuck with nature Fine Ill walk in the mud Nope nope nope nope Damn nature yo,The people who wrote the holy books are the worlds biggest trolls ,What is something you are paranoid about  After socializing I always worry that I bothered people in one way or another To the point where I have to ask my SO every time just to make sure Is the door locked  I know I rem,Elephant Kids Love Playing With All Of Their Toys  They look so happy ,Even a cone of shame cant come between these girls  Man that is styling   Cone of Fame is more like it amirite Not sure how long she has to be in the cone but I bought one of these to use instead of the cone my kitty was,Environment,0.00649726723359,0.00386145068682
moon mars space earth planet humans alien nasa aliens moons,TIL that frequent porn users have lower erectile function  less sexual satisfaction  You should reword that as from what I read you dont have the study explained properly   It should be something to the effect of Men wit,Mondays suck so last night i made steak 35 day dry aged 42oz 25 bonein ribeye  I wanna fuck that steak who needs utensils when your steak has a perfectly good handle Beautiful  Did you check the temp with a probe or go b,New Star Trek Beyond Poster  When I think Star Trek I think motorcycles Its not orange and blue or any of the regular movie poster layouts Cool looking poster although something about the dirt bike being bigger than the ,image 22f 55 pounds down from my starting weight I have 100 pounds more to go and Im so ready for this Summer Here I come baby Lol  Good for you Keep up the good work You can do it keep up the good work Keep at it I cant,Fuck Fuck Fuck Compilation NSFW ,Sushi Chef Masaharu Morimoto  Very very cool Morimoto is such a bad ass chef and from this video seems like a very down to earth dude Thanks for posting this Morimoto is far more than a sushi chef I would love to eat and,Outer Space,0.00554345707345,0.00292853242205
nice lol job awesome amazing beautiful style wow drone post,Ghostbusters 2016 trailer 3  Okay so I dont know if its a race thing or a lady thing but Im mad as hell I think that sums up my sentiments about the movie as well 2000 views  124 dislikes    taking bets on dislike ratio ,If Uncharted 4 was a noir style side scrolling platformer taken with photo mode  Noir style  Set in jungle   Lolwut TIL noir means black and white   That reminds me of Limbo I love the Photo Modes they added for the Unch,A short ghost movie that isnt what it appears to be  Weird  surprising context  That was a pretty cool concept  Cliiiiiickbait,Mount Rushmore from the Canadian Side  hate to hand you the bad news There is no Canadian side Yeah someone forgot about North Dakota being between South Dakota and Canada rforwardsfromgrandma There is no Canadian side t,My thermostat looks like it just witnessed something horrifying ,ELI5 Why are railguns able to produce so much damage downrange  At those speeds interactions leave the realm of intuition  Your experienceknowledge of low speed including standard bullets interaction actually isnt the im,Positive Words,0.00796856992247,0.00536699306943
car cars driving drive truck parking lane driver speed traffic,What is the right age to lose your virginity  When youre ready for it  There is no magic age for everyone When the priest tells You to kneel Call me old fashioned but I think you should wait until you meet that special p,Air horn sound  This is the dumbest thing Ive laughed at all week MLG Deodorant  Mountain Deo  Deoritos Thats what I call sound reasoning   nbsp   nbsp   nbsp   nbsp   nbsp   nbsp   Illseemyselfout Explanation WHAT I lov,A letter to my aborted baby  You have made what I think is an impossible decision You will be an amazing parent when the time is right  Please take the time to mourn and grieve this  Your love is obvious and Im thankful ,Not all heroes wear capes  This was proven to be fake the last time it was posted with the same title  Check out Snopes   God you even stole the same title     This was a HOAX People need to right click and google shit  ,Best 5Worst 5 Creepy Pastas of All Time  Listen to the podcast sword and scale episode 67 One of the most disturbing interviews I have ever heard There are real people in the world more frightening than any creepy pasta ,Until this moment my abouttobethree year old has been terrified of swings not anymore  Well thats just adorable  So this is what feelings feel like hunh  I was waiting for her to fly off into the little castle in front o,Automobile,0.005673095607,0.00334183837527
life youre feel person world live cancer doing care help,Males of Reddit if The Bro Code was an official document what would you like to see included  If two bros know the same story the bro who is lesser known among the party or group shall tell it If your Bro dies during a w,Emergency evacuation  Theyre just trying to learn to cook If you play it backwards theyre like little firefighters sliding down the pole Ratatouille in New York Apparently 23 rats in all  This is prob my fav restaurant  ,Guys How can you shake your penis after pee  Easily it doesnt fall off does yours I use my hips I thrust at the urinal like Ima trying to dickslap out the urinal cake   I tend to take a jump to the left and a step to the,GHOSTBUSTERS  Official Trailer 2 2016 HD  If the stage dive into an audience to have nobody catch you bit is any precursor to the quality of the comedy in this movie Im calling flop This continues to look like a movie th,That would be the best glass ever  Reminds me of a joke An Irish man finds a genies lamp on the beach Genie says Ill grant you 3 wishes  Irishman says I want an endless pint of Guinness And a pint of Guinness magically a,Man in a mask  Seriously thought that was a painting at first Photo credit goes to uPneub     No idea what this is supposed to be but I like it Day of the Walking Dead  This looks like its from the Day of the Dead a cele,Life,0.007228090405,0.00516122728543
eat food chicken cheese delicious cake pizza meat sauce vegan,My sister survived lifting with the Terminator and now dancing with a T1000 Eat your heart out Sarah Connor  Is your last name Conner by chance It seems a lot of Terminators are going out of their way to find her Why the,Vaping without nicotine is basically sucking on a pacifier for adults  It does satisfy the oral fixation Im sure I have a friend who used vaping to help curb cravings when they were on a diet Craving a sweet snack Have a,One of the most depressing scenes in television history  This reminds me of when I had my first apartment I was broke as shit and was down to my last can of soup I ended up spilling it on the carpet I didnt eat that nigh,I got two seasoning packets in my top Ramen  Lucky you I got one without any yesterday  Remember someone else now has no seasoning packets beacuse of you You monster How do we know you didnt just open two packs Tonight w,ELI5 What does it mean when people say one gram of this poison can kill 100 people  It means that one centigram 01g of that poison would be deadly to one person So 100 times that amount 1g could kill 100 times as many pe,Can we emulate the superposition of quantum computers in a standard computing  Yes you can simulate a quantum computer on a classical computer  At the point equivalent to taking a measurement you need to use a pseudorand,Food,0.00715286838407,0.00510554693542
happy birthday cake oc elephant raider meat makes week doom,Why Harley Quinn and DC Women Could Be Warner Bros Secret Weapon  They certainly made the character the focus of the latest Suicide Squad trailer so presumably shes testing well It would be nice to see a femaledriven cin,Image I was venting to my SO and this surprisingly simple comment made me feel much better  Jesus H Fucking Christ these comments I guess this is what you get when you dont post some moronic map to success paved with fai,I wish the Halo Series would rise to what it once use to be  most of the people who made Halo 2 are not working at 343  I doubt thats gonna happen BLUE TITTIES Halo reach was the last Halo game that I truly had a good ti,TIL Operation Ranch Hand the name for the operation in which Agent Orange was sprayed on Vietnam had the unofficial motto Only we can prevent forests  Jesus christ what sick fucks came up with that  Upvotes while audibly,Gomorrah The Series trailer  Cant wait for episode 3 of season 2 to air tonight This is not directed by GarroneMatteo Garrone has directed the filmthis is the seriesGomorra la serie is directed by stefano sollima much mu,One Japanese Peso bill found in grandfathers military jacket during his time in the Air Force   A Japanese Peso written in English  Guess the Japanese were pretty optimistic at the time A Japanese issued Mexican currency,Unknown,0.00498825271031,0.00314480686185
dad mom family parents kid father ball son mother told,How to find out if someones gay   Production Value   Acting   Joke Setup   Joke Execution i thought it was funny This was bad The ending was so bad it was funny I like bad funny So is it funny or not Can you guys tell me,OC Tales of Spring  FrancheComt  France 1024x681 ,I guess shes a spitter NSFW  Or a guy ,Fake Download Buttons should be illegal  Yeah but the file Im downloading with fake download buttons is already illegal Or just use any adblocker  I had a computer issue the other day and had to call my companys IT provi,Peeling a thick layer of ivy from a building  Thats kinda sad I mean i know ivy can ruin a building but its all dead now Sorry hippy chiming in It probably looked cooler before If you enjoy the sight of plastic film bein,US raises China steel taxes by 522  Here is the summary   The US has raised its import duties on Chinese steelmakers by more than fivefold after accusing them of selling their products below market prices The taxes speci,Family,0.00556225611566,0.00386871996106
song music album band songs rock creep radiohead video favorite,Baghdad Rocked by New Blasts Amid Deadly Wave of ISIS Attacks ,Write down your algorithm to be visualized  Well that was a fun 30 seconds pretending I was a hacker back to life now What is this Some kind of language for ants Prim is lonely Kruskal should be there too   Some max flow,That Hodor scene S6 E5 in Spanish  Probably one of the best examples of sometimes theres no way to translate languages word for word so glad Im watching it on vo,Every Crime in NYC  2015 OC  relevant Note the two crime free areas in Queens which are both large cemeteries  Could it be that central park is near void of crime on this map because the locations are marked by intersect,Player accidentally betrays his entire team on his first game of ARMA 2  I have no idea what the hell is happening in this video,Mother Cat Protects Her Kitten Using Ninja Moves  Control your dog you dumb fuck Dog owner is a shitty dick  Ohhhh oooo meow  Hey look some shithead with his dog out in public Anyone else notice the momma cat accidentall,Music,0.00439953212781,0.00273234634221
school kids high kid schools students college parents teachers year,Saw this picture on Googles career page The racial diversity is umm zero  Theyre the janitors What a twist I care so much about the racial diversity in a picture I didnt take at a place I dont work at with no context beh,The Subway Zion National Park USA OC 6016  3384  Ive been to Zion 3 times and never come across this Its gorgeous Is this one of the areas of the park that requires a permit Good work I love Zion been 4 times and the Sub,Is Your Password Guessable  Im glad I skipped through that torture Yes why did that happen,New Star Trek Beyond Poster  When I think Star Trek I think motorcycles Its not orange and blue or any of the regular movie poster layouts Cool looking poster although something about the dirt bike being bigger than the ,500 Days of Summer Expectations vs Reality scene  My heart just goes out to him when he sees the wedding ring come outbitch  Such a great movie   Watched it when the dvd came out First time I realized there was a distinc,Whats big black and loaded with aids  You can also order driveflat tyres aka fullblown aids risky click was worth it rHailCorporate is getting ballsy these days  Earvin Magic Johnson   downhill descent control      Wtf i,School,0.00498233137795,0.00336420317878
books book read reading series story dan characters fiction writing,Alice Through the Looking Glass Chris Stuckmann review  God Why do these movie have to have such awesome sets design and costumes with shit story telling,These guys get it  I always say I was born in 1901 Thats what happens when your cider house is under a bridge  Fun fact I went to High School with one of the founders of this brewery  I only found out after he had made t,Quite relatable indeed  I really wonder what people are thinking when they post shit like this,Twerk it  She sure nose how to twerk part of me kind of hopes that the marker does not easily wash off I have the strangest boner right now Whats that on your face  Oh uh its uhit was for a youtube thingstupid funny vide,Are fat is beautiful campaigns equivalent to advertising smoking is cool  In some ways yes Had this discussion at work yesterday so just wanted to see what Reddit thought  as a thin smoker I see the difference as this  I,Oil and Gas Could Be Responsible for Nearly 90 of Texas Earthquakes  But then who is causing the other 10 Mole People No this is absurd earthquakes are not caused by drilling holes in the ground What is this the dark age,Books,0.00503414605357,0.00343144513719
feedback bot china war summary tldrs pms keywords constructive faq,Killing animals and eating their flesh makes us strong enough to climb the highest mountain in the world without dying ,Fool me twice Nope Still shame on you  So Ive been trying to save up money Been avoiding treating myself to any new games No new Pop figures Less eating out No going to the movies Stuff like that  Today was kind of stres,TIL Camel Spiders are actually scorpions and they dont want to chase you just hide in your shadow  I couldnt finish watching it that video editing hurt my eyes Kingdom Animal  Phylum Athropod exoskeleton noncentralized n,How do you organize your book shelf  My book shelves are organized by Authors last name in alphabetical order  Edit And books by the same author are organized chronologically Buy size Biggest to smallest books Im garbage,How far and fast will the pendulum swing when the inevitable backlash against the offended by everything culture occurs  It wont because it basically doesnt exist outside of isolated pockets  The vast majority of people ,The haunted summer of 1816 that gave birth to the book Frankenstein  1816 the year without a summer Check out the film Gothic with Gabrielle Byrn that guy from Harry Potter and the late great Natasha Richardson You know ,Foreign Affairs,0.00602760331308,0.00453426190583
guy video hes videos funny dude youtube guys drunk fucking,BERNIE SANDERS PARTIALLY BLAMED SANDY HOOK ON VIDEO GAMES In terms of how we have to deal with these mass killings  if you look at these video games  there is so much gratuitous violence  It desensitizes you to death and,Watching a rally crash took me back in time  Holy shit is that the SNES game Test Drive Man I remember playing that on my Commodore 64 in the late 80s  Im old The guy in the Mitsi survived btw Pikes Peak a few years back,Bella Hadid at Cannes NSFW  Sideboob makes something nsfw classy ,Tesla To Sell 2 Billion In Stock  They need to raise money to build all those cars they have orders for The sooner the better We need to make the shift from gas to electric asap and it appears Tesla is the only one who i,This character kind of looks like Hitler as a child in a bedtime story we own ,What is something that you have access to that you shouldnt  virtually every movie and song ever written for free at the click of a button My exs most commonly used password Never whisper your password while entering it ,Internet / Videos,0.00940805040083,0.00816120710806
bear bears grizzly berenstain teddy berenstein polar hybrid grizzlypolar climate,Human please cease  kitty abuse ,New Forklifts coming soon  I think its the one in the back thats coming soon Hey baby wanna fork FTFY cumming Oh God it just shot hydraulic fluid out everywhere  17 parking good god man When two forklifts love each other,Silversun Pickups  Nightlight Official Video  Is this a song by butch vig,Surgeon performs 3 successful heart transplants in 34 hours  Its just like a kill streak except the opposite  How would you like to be the third patient  Dr SleepyGood morning Mr Johnson I mean err good afternoon or Uhm ,A parodical tribute to the Hydraulic Press Channel for reaching 1M subs today  Butwhat about the extra content spot on accent This channel looks extremely dangerous and may attack at any time   We must deal with it You k,Bob Graham 911 support goes to the top of Saudi government  We can only assume at this point persons within the United States government are active in covering this up For whatever reasons these persons are protecting th,Bears,0.00315511255779,0.00191420408941
baby poor horny beam jim elephant awesome bottle daughters otter,Difficulty dealing with a depressed exboyfriend  As someone who has suffered from a lifetime of depression Thats really fucked up on his part to guilt you to be with him You need to make you happy and if anything happens,Tried to take a nice photo and my dogs just look stoned   Sleep for hours during the day   Constantly hungry   Always chill  OP have you considered that they might actually be high as fuck  The one on the left my god Wha,Siri reading youtube comments in a library ,what is it like to be smart  Youre asking the wrong group of people You know more stuff probably remember things better and can thinkproblem solve faster than some people or on more than one topic at once But everyone be,Let us never forget how great a show the ORIGINAL American Gladiators was    best gladiator video ever right here   Ive always wanted to open a gym like this people pay you to run an obstacle course while someone else pa,Annas Stromboli  Damn Anna how you doin gurl Hoooooly fuuuuuuckI want one There are a lot of people asking how to do stromboli and I think this guy does a good job of showing a basic recipe Toppings will change between r,Unknown,0.00368352235957,0.00258798010401
man ugly old oh hey face orange god jesus knock,Just a whole lotta nope  When I got done shaking my head the white and black bars seemed to jump out at me my eyes crossed and unfocused and I felt dizzy I had to look away and shake it off dizzy dickbutt Why shake your ,roar  Cat Ive got the eye of the tigerrr What is the breed of these kind of cats called  They always look adorable with so much personality Rawr 3 But MOOOOOOOM Tuffy Im an apex predator  Fear me,Nigerian schoolgirl rescued after two years as Boko Haram captive  Found not rescued,The way this incense is burning  I almost expect it to unroll and see Jack Skellington walking down it Was this incense being directed by Tim Burton Fibinoci holden true I wanna flick it so hard  Here is a direct link to,Kids College Reimbursement Plan  You are advising against student loans yet expect them to pay first years tuition and living expenses There is a good chance neither of your kids will go to college at all with that arran,the heads of Coors Budweiser and Guinness go to lunch  OP you done it now The beer snobs have arrived  Although its not widely known outside the industry Guinness is strained through worn gym socks to give it just the ri,Men (Negative),0.00616022299093,0.00513043281447
cat cats kitty kitten meow box human hes ocelot cute,NSFW I work in an intensive care unit One of our patients suffers with severe head deformities but still manages keep his positivity With his permission I thought Id share with you all   Rock on you brave soul Well that ,The middle of this restaurant table is made out of books  Theres so many things wrong with this  1  you dont even get to see the book spines for the titles  come on  2  Wow cutting that table properly would have been a l,Carlos for a day I am a proud uncle  Not at the table Carlos Those are some North Korean dictator glasses,Came home last night to find Jerry like this  Jerry smoke way too much catnip while you were out This throw rugreally brings the roomtogether Is Jerry in Toms belly Jerry seems like he is saying Oh please stop being so t,whos your favorite pornstar  Riley reid Faye Reagan deleted Im torn between Brandi Love and Christy Mack Remy Lacroix All these pornstars but no picsgifs your mom Alanah Rae is pretty damn good Who doesnt love Mike Wazow,TIL Jimmy the Greek Snyder bet 10000 at 171 odds on Harry Truman to defeat Thomas Dewey in the 1948 election because Dewey had a mustache and American women didnt trust men with a mustache In todays dollars that bet nett,Cats,0.00330491346306,0.00237287620768
joke funny racist black jokes punchline whats repost race laugh,Why Women And Western Civilization Fall 2016 Women with daddy complex explained  The title is super misleading and has nothing to do with the whole topic of this woman the mistakes she made and how single parenthood crea,Two guys make full on home renovations inside a Walmart toilet paper aisle  This WalMart must have horrible security poor restockers  Chuck Mangione approved  Id wait for a shopper to pull open the wall and then tell the,List of Game Launchers   Onlive Arc Launcher Perfect World Neverwinter Star Trek Online etc  Nexon Launcher Maplestory Mabinogi Vindictus etc  Turbine Launcher DDO LOTRO  Daybreak Everquest EQ2 DC Universe ncsoft aion li,Whats your favorite piece of celebrity trivia  Christopher Lee who played Saruman worked as a nazi hunter during and after WW2 When filming Lord of the Rings at one point Peter Jackson told him to imagine the sound a man,Turtle breaks TV  Okay   Youre the worst ,Reddit meet Blue destroyer of beds  Looks like a Catahoula Soon he will envelope the world with his power and we will have no beds to sleep on Destroying beds has many quite different meanings  I mean  how gorgeous and f,Race Jokes,0.0048447444492,0.0040124656037
season episode watch shows characters tv bad episodes series netflix,Kids of the 90s What was your favourite thing about growing up as a 90s kid  Cartoon Network Toonami WWF  The Attitude Era The Sony Playstation and Sega Dreamcast Windows 95 Netscape Navigator Winamp Napster Still being ,A man walks into a bar  Plot twist He was hoping for a million fucks Thats a really clever twist to such a painfully overrepeated joke  Kudos So the original guy wished for a small penis and got a small pianist Why did w,What is the biggest flaw about your favorite video game  Mass effect trilogy great games that are absolutely ruined by EAs piecebypiece dlc business model I wouldnt mind the game taking twice as long to make and costing ,Parking in the city SUCKS  Isnt this a complete ripoff of the parking scene from Louie   These guys didnt score well on the SATs  Boston street parking signs are actually pretty good   But yeah garage parking is insane M,TIL Rick Astley has made only 12 from Rickrolling  Thats not remotely true and someone has to point it out every time this bullshit fact gets reposted  The exposure to a new generation alone has garnered him a hell of a ,My friend is a priest I things hes a rather cool beeing  rtitlegore What is this 2011 The grooms shoes No I know this is your special day but I just wanted to be the center of attention  Came here expecting bees         ,TV,0.00529002546546,0.00458974099705
game games play overwatch playing played pc uncharted ps witcher,Spiderman swing in real life sooner I would shit my pants than do that  I started sweating immediately I dont know how these people can do these stunts  Was that a Gatorade commercial Russians are some crazy motherfucker,Terry Gilliams Don Quixote Project Set to Start Shooting in October  And in other news an F5 tornado made of of zombies crooked insurance underwriters and 140decibel carnivorous cicadas has been spotted near Gilliams hom,Text When you were born angels made bets how far you would go Make the one who said Im all in proud  What if he was saying Im all in to me failing instantly instantaneous 1 to 0  I assume it will stay there because that ,Its a dog eat dog world  This might literally be the cutest thing I will ever see in my life Charlie bit my paw Ouch Charlie An eye for an eye a paw for a nose lolthose 2 are going to be terrors   Its a doggy dog world  ,Lois and Clark discover a new frontier  Dont link to galleries Have a downvote,TIL that in 1859 an American farmer in the San Juan Islands shot a pig who was eating his potatoes but the pig happened to belong to a British colonist In the ensuing confrontation 461 Americans and 14 artillery faced 5 ,Gaming,0.00522224840657,0.0046866560458
friend friends best cool snapchat trouble called homo cancer face,Chewbacca Mom Takes James Corden to Work  chewbacca mom still funnier than james corden,This pattern of bubbles in my dishwashing water  spider eyes spider eyes everywhere  rtrypophobia Why does this picture make me feel uncomfortable I dont like that picture  Very unsettling  I agree with ucacticalm mildly,I hear Reddit likes babies with hair Heres my daughter McKinley at 2 months  My 2 year old has the same amount of hair just about So jealous,A Thief in the Night  Damn Lindsay Wagner was hot still is actually 69 cents  Hahahaha Thank you reminded me to get caught up on liartown rbadscificovers As taken from Liartown USA Looks like he stole her tits Oh HAI Mic,ELI5  Why do ping pong players serve in such a funny way  To put spin on the ball but also to conceal what spin theyre putting on it If you look they sometimes turn their backs as they shape up to serve and serve as quic,Iran tells Hezbollah to stop attacking Israel turn attention to Saudi Arabia  Now this I can support Iran has told Hezbollahs military arm to stop attacking Israel and instead turn its sights to Saudi Arabia according to,Social Media,0.00503813609274,0.00452719278639
movie trailer movies film ghostbusters films watch trailers character story,TIL Adam Scott and Paul Rudd were once kicked out of their friends wedding ,Petition calling for Emma Watson to spend week in migrant camp to show refugees are feminists grows to 7000 signatures  Background on this What for What did she say And why would a petition get her to do that Like haha a,Found this old version of Battleship at my grandmas Dont think this would fly today  Whats the problem Battleship is always better when you have a sandwich I agree She needs to be making him a drink We have dishwashers f,Pop up blocker  Surprise Motherfucker I love how the dog gets super excited afterwards IS IT PLAY TIME I like how the cat lowers himself back into the box to await the next strike Vicious breed my ass That gandalf syndro,Women How Often Do Men Just Ask For Sex  if Im on tinder often Why Are You Capitalizing Every First Letter In Your Question  Unless were fighting when we say something that can be taken one of two ways and one of the opt,WP A robot and a human get into an argument over whether or not robots can be considered sentient The robot argues they cannot  Wait wait wait Hang on Youre telling me youre not sentient Sam asked rubbing his forehead  O,Movies,0.00586951412918,0.00588519079552
direct link submitted users mobile benefit image feedback exist source,Not bad  Looks delicious ,Iran using commercial airliner to fly fighters weapons to Syria  Ummmdidnt the US use commercial airlines to fly soldiers to Iraq and Afghanistan  Assads Aleppo Express This is the best tldr I could make original reduced,Australian comedian mind fucks James Franco  eheheheheh vat  Love me some Shooter Willaimson  I love how the Always Sunny crew naturally look and act like theyre just a bunch of friends chilling at whatever event theyre ,The most offensive Jokes ever 1  This reeks of chain email Dark Humor fan here that message in the end was very very true bump The jokes are good but the formatting is terrible You missed one of the most offensive  A ped,SyFy and its terrible ratings  rant  SyFys ratings as a network are low this isnt really specific to one particular the show the channel simply doesnt have a big audience Theyre a highly niche network that hasnt had a sh,If Mjolnir crashed down on earth who would be worthy to lift it  The cleaning lady who doesnt actually know what it is but its in the way of her vacuuming so she moves it Mister Rogers if he were alive  John Cena The lit,Internet,0.00433552039505,0.00463487027049
girl sex shes girls hot porn dick ass wife ex,Hydraulic Press ChannelCrushing fire extinguisher with hydraulic press  Nasty of him to destroy the manual press guys shed,Magnitude 67 earthquake strikes western Ecuador  Hi all your Earthquake Perspective here    What you need to know Provided by the USGS       Magnitude Currently sitting at a 67 event this could change as more information,Why do people care about trophiesachievements in games  Gives me something extra to do while I playonce Ive beaten the main story Getting the most out of my games isnt a bad thing I was generally not too fussed about tro,Mom refuses to sell any of the cakes she makes I told her shes crazy Heres her beer burger and fries  Not crazy just understands that if she started selling them she wouldnt enjoy making them anymore   This looks absolut,TIL of a movie named Rubber It was about a tire that has the ability of making human heads explode  Its on Netflix and its as awfulepic as youd expect  No reason I could not even watch it when I was high on LSD it also b,Little kangaroo doesnt want to let go of his new friend  It looks like the bear has a noose around his neck first kangaroo who beat the bear What they grow into kind of bear like     Are you thats a Roo and not a Rock Wa,NSFW - Female,0.00598914527809,0.00631758387135
door hodor hold elevator soon spoilers today spoiler thrones button,From the pilot episode of The Incredible Hulk 1978  Dont do it ,Home invasion training  VR  You dont shoot a guy in the dick thats just not cool   GET OUT OF THE HOUSE WE DONT HAVE A FROG LITTLE GIRL STATUE  EditThought it was a frog corrected VR needs to attempt a videogame called M,JJs House makes horrendous dresses and has awful customer service  Yeah this website looks like every other cheap chinese clothes site Romwe sheinside etc etc Bad stuff Thanks for the heads up Just the truth  Any good Ch,TIFU by slicing my face  If it went well then why arent you expecting a call  Also one tip always shave get a haircut etc at least one day before an important event Should always have a tub of Vaseline handy Rub some of ,What would the USA be like if the public schools had all the funding they needed but the military had to hold a bake sale to buy a fighter jet  Lets say an average muffin costs 250 at a bake sale and has 400 calories   A,TIL during the early penicillin era the drug was so scarce and so highly valued that it became common to collect the urine from patients being treated so that the penicillin in the urine could be isolated and reused  Pen,Game of Thrones,0.00276961048146,0.003323402928
reddit post repost posts comments internet questions gif content ama,Petition calling for Emma Watson to spend week in migrant camp to show refugees are feminists grows to 7000 signatures  Background on this What for What did she say And why would a petition get her to do that Like haha a,Why are there no cats on Mars  Are you sure it wasnt just the lack of oxygen After they take over  Earth they will also conquer Mars Just wait for it Space Bears Curiosity Looks Back,Unpopular opinion The Witcher series is extremely overrated  lack of actual free roam  I would say its a good compromise between free roam and instanced environments considering how jampacked and intricate they are but t,London Broil  How long did that bad boy cook for Why is it called London broil It looks delicious btw,Australia to Lay Off Leading Scientist on Sea Levels Will reduce the countrys role in global climate research  This is the best tldr I could make original reduced by 83 Im a bot   He said he had been informed that Csiro ,What do math and mermaids have in common  They both start with the letter M  Poisson distribution Nice A C Algebra Both sexy as fuck As a punny mf I approve ,Reddit,0.00467009228373,0.00529829211787
trump hillary donald clinton bernie president vote hes obama sanders,I decided to make a graph of my personal opinion of each movie in several popular franchises OC  I just used the graphing tool on Pages This is 100 subjective by the way Its interesting to see how many movies have such a,Cuddles  Wiggles  classic pits right there made me smile my god that made me sleepy The tail wag frequency is directly proportional to the level of alertness This would be the point where I would attempt to lay across th,Bookslut was born in an era of internet freedom Todays web has killed it  Bookslut was a passion project that never made any money I ran out of passion and got tired of not making money This is somehow the internets faul,My silly lil kitten ,Whats big pink and makes my girlfriend cry when I put it into her mouth ,My late Grandmother during the Great Depression in Oklahoma She just got done hunting squirrels and has them in her hand along with her 22 rifle  back when you could find 22 ammo  back when putting food on your own table,Politics,0.00297869055591,0.00407995337381
women men woman gender female male sexual sexism rape article,What is this a basket of eggs for ants ,Tonight I made the best steak I have ever eaten  what cut is that Have an upvote And buy me a steak Recipe  It looks delicious Im gonna go but some steals and have them for lunch  Nothing better than cooking your own ste,Are Steam user reviews useful And what expectations should a user have when playing a server dependent game  Neither Steam reviews nor Metacritic are particularly useful Youre better off finding a few reviewers you trust,What does every new redditor need to know  1 Grand claims require grand evidence 2 Even then people will doubt you 3 Try not to knowingly repost anything 4 Or if you absolutely must repost something give credit 5 Unless ,Hydraulic Press Channel Crushing typewriter with hydraulic press  Just because the unicorn is trasnreality doesnt mean you can PRESS it like that  TRIGGERED Should have titled the video Typing with hyradulic press PRESS ,Obama Putin and Merkel at the baltic sea  Thats a classic in Germany Although I know it Heil Hitler we need fuel german submarine that could refuel other submarines  Heil Hitler Was macht der Neger hier  HDFDR The proble,Gender / Race,0.00365522860483,0.00484421801214
nsfw psbattle fast compilation hands deleted small porn shes classy,Earths Relentless Warming Just Hit a Terrible New Threshold  But we dont know everything therefore we cannot do anything right climate deniers Sorry kids  Some of us tried to spread the word but the Koch Brothers ExxonMo,Nice catch  I did not see that coming at all Ive been sucking dick for nearly two decades and I can say with confidence that his technique is flawless  The tongue fully extended to allow maximum room  The throat relaxed ,Fathers Reaction To His Son Coming Out  Im guessing hes known for quite a while,What is the time elapsed in a nuclear detonation  As far as I can tell it is more of the order of a few microseconds but I cant find any source that shows either the calculation or a measurement  A reasonable estimate ca,Cute sleepy baby trying to stay awake  wake up baby,TIFU by Trolling A Bigger Guy at a Smash Bros Tournament Twice  Although you did act like a dick who doesnt when they play games What he did though was extremely uncalled for sorry that you didnt get to finish the tourna,NSFW - Male,0.00193521030814,0.00312829234829
press hydraulic channel crushing subscribers million youtube extinguisher crush manual,Serious Women of Reddit How do you feel about sharing restrooms with transgender people  Attention Serious Tag Notice   Jokes puns and offtopic comments are not permitted in any comment parent or child   Parent comments ,ELI5Why do doctors count how many stitches were done Whats the purpose  If the suture is not the dissolving kind the stitches will have to be removed later  I had some stitches done by an eye surgeon They were so small w,Never trust a fart  Deep shit Especially when doing colonoscopy prep  oh shit I once had a wife a stable job and a nice life but then i trusted a fart And it has never been the same since ,This skeptical look  HahahaI like to belive he just said muthafucker please Looks like hes judging you baby Sherlock Holmes at your service This should be a meme  Winston Churchill toddler pic my shit is custom,Seizing Power Decadence and Transgression in Foucault and Paglia ,This tree had an exclamation mark in it  It has a quest for you this tree has a vag and butthole Here is a direct link to the image OP submitted for the benefit of mobile users   Feedback  Already a direct link  Why do I,Youtube,0.00125951612916,0.00253990046852
